Position,value,nucleosome_distance,Centromere_Distance
-1000.0,2.0,34,-1000.0
-999.0,0.0,33,-999.0
-998.0,0.0,32,-998.0
-997.0,0.0,31,-997.0
-996.0,0.0,30,-996.0
-995.0,0.0,29,-995.0
-994.0,0.0,28,-994.0
-993.0,0.0,27,-993.0
-992.0,0.0,26,-992.0
-991.0,0.0,25,-991.0
-990.0,0.0,24,-990.0
-989.0,0.0,23,-989.0
-988.0,0.0,22,-988.0
-987.0,1.0,21,-987.0
-986.0,0.0,20,-986.0
-985.0,0.0,19,-985.0
-984.0,1.0,18,-984.0
-983.0,0.0,17,-983.0
-982.0,2.0,16,-982.0
-981.0,0.0,15,-981.0
-980.0,0.0,14,-980.0
-979.0,1.0,13,-979.0
-978.0,6.0,12,-978.0
-977.0,0.0,11,-977.0
-976.0,0.0,10,-976.0
-975.0,0.0,9,-975.0
-974.0,1.0,8,-974.0
-973.0,0.0,7,-973.0
-972.0,0.0,6,-972.0
-971.0,0.0,5,-971.0
-970.0,3.0,4,-970.0
-969.0,0.0,3,-969.0
-968.0,2.0,2,-968.0
-967.0,0.0,1,-967.0
-966.0,0.0,0,-966.0
-965.0,0.0,1,-965.0
-964.0,0.0,2,-964.0
-963.0,0.0,3,-963.0
-962.0,0.0,4,-962.0
-961.0,0.0,5,-961.0
-960.0,0.0,6,-960.0
-959.0,1.0,7,-959.0
-958.0,0.0,8,-958.0
-957.0,0.0,9,-957.0
-956.0,0.0,10,-956.0
-955.0,0.0,11,-955.0
-954.0,1.0,12,-954.0
-953.0,0.0,13,-953.0
-952.0,0.0,14,-952.0
-951.0,0.0,15,-951.0
-950.0,0.0,16,-950.0
-949.0,0.0,17,-949.0
-948.0,0.0,18,-948.0
-947.0,2.0,19,-947.0
-946.0,0.0,20,-946.0
-945.0,0.0,21,-945.0
-944.0,0.0,22,-944.0
-943.0,1.0,23,-943.0
-942.0,1.0,24,-942.0
-941.0,1.0,25,-941.0
-940.0,0.0,26,-940.0
-939.0,0.0,27,-939.0
-938.0,0.0,28,-938.0
-937.0,0.0,29,-937.0
-936.0,2.0,30,-936.0
-935.0,0.0,31,-935.0
-934.0,0.0,32,-934.0
-933.0,4.0,33,-933.0
-932.0,1.0,34,-932.0
-931.0,0.0,35,-931.0
-930.0,2.0,36,-930.0
-929.0,0.0,37,-929.0
-928.0,0.0,38,-928.0
-927.0,0.0,39,-927.0
-926.0,0.0,40,-926.0
-925.0,0.0,41,-925.0
-924.0,1.0,42,-924.0
-923.0,0.0,43,-923.0
-922.0,1.0,44,-922.0
-921.0,1.0,45,-921.0
-920.0,0.0,46,-920.0
-919.0,0.0,47,-919.0
-918.0,4.0,48,-918.0
-917.0,0.0,49,-917.0
-916.0,0.0,50,-916.0
-915.0,0.0,51,-915.0
-914.0,0.0,52,-914.0
-913.0,0.0,53,-913.0
-912.0,1.0,54,-912.0
-911.0,1.0,55,-911.0
-910.0,0.0,56,-910.0
-909.0,0.0,57,-909.0
-908.0,0.0,58,-908.0
-907.0,1.0,59,-907.0
-906.0,1.0,60,-906.0
-905.0,10.0,61,-905.0
-904.0,0.0,62,-904.0
-903.0,6.5,63,-903.0
-902.0,1.0,64,-902.0
-901.0,0.0,65,-901.0
-900.0,0.0,66,-900.0
-899.0,0.0,67,-899.0
-898.0,0.0,68,-898.0
-897.0,0.0,69,-897.0
-896.0,0.0,70,-896.0
-895.0,0.0,71,-895.0
-894.0,3.0,72,-894.0
-893.0,0.0,73,-893.0
-892.0,0.0,74,-892.0
-891.0,0.0,75,-891.0
-890.0,5.0,76,-890.0
-889.0,1.0,77,-889.0
-888.0,1.0,78,-888.0
-887.0,1.0,78,-887.0
-886.0,0.0,77,-886.0
-885.0,2.0,76,-885.0
-884.0,0.0,75,-884.0
-883.0,1.0,74,-883.0
-882.0,7.0,73,-882.0
-881.0,0.0,72,-881.0
-880.0,5.0,71,-880.0
-879.0,0.0,70,-879.0
-878.0,0.0,69,-878.0
-877.0,1.0,68,-877.0
-876.0,0.0,67,-876.0
-875.0,0.0,66,-875.0
-874.0,5.5,65,-874.0
-873.0,0.0,64,-873.0
-872.0,0.0,63,-872.0
-871.0,0.0,62,-871.0
-870.0,0.0,61,-870.0
-869.0,0.0,60,-869.0
-868.0,0.0,59,-868.0
-867.0,0.0,58,-867.0
-866.0,29.0,57,-866.0
-865.0,5.0,56,-865.0
-864.0,7.0,55,-864.0
-863.0,0.0,54,-863.0
-862.0,0.0,53,-862.0
-861.0,0.0,52,-861.0
-860.0,1.0,51,-860.0
-859.0,0.0,50,-859.0
-858.0,0.0,49,-858.0
-857.0,1.0,48,-857.0
-856.0,0.0,47,-856.0
-855.0,0.0,46,-855.0
-854.0,0.0,45,-854.0
-853.0,1.0,44,-853.0
-852.0,2.0,43,-852.0
-851.0,0.0,42,-851.0
-850.0,0.0,41,-850.0
-849.0,0.0,40,-849.0
-848.0,0.0,39,-848.0
-847.0,0.0,38,-847.0
-846.0,3.0,37,-846.0
-845.0,3.0,36,-845.0
-844.0,0.0,35,-844.0
-843.0,1.0,34,-843.0
-842.0,0.0,33,-842.0
-841.0,0.0,32,-841.0
-840.0,4.0,31,-840.0
-839.0,1.0,30,-839.0
-838.0,0.0,29,-838.0
-837.0,0.0,28,-837.0
-836.0,0.0,27,-836.0
-835.0,0.0,26,-835.0
-834.0,1.0,25,-834.0
-833.0,1.0,24,-833.0
-832.0,0.0,23,-832.0
-831.0,1.0,22,-831.0
-830.0,0.0,21,-830.0
-829.0,0.0,20,-829.0
-828.0,3.0,19,-828.0
-827.0,0.0,18,-827.0
-826.0,0.0,17,-826.0
-825.0,1.0,16,-825.0
-824.0,0.0,15,-824.0
-823.0,0.0,14,-823.0
-822.0,1.0,13,-822.0
-821.0,1.0,12,-821.0
-820.0,0.0,11,-820.0
-819.0,0.0,10,-819.0
-818.0,1.0,9,-818.0
-817.0,1.0,8,-817.0
-816.0,0.0,7,-816.0
-815.0,0.0,6,-815.0
-814.0,1.0,5,-814.0
-813.0,0.0,4,-813.0
-812.0,0.0,3,-812.0
-811.0,2.0,2,-811.0
-810.0,0.0,1,-810.0
-809.0,0.0,0,-809.0
-808.0,0.0,1,-808.0
-807.0,0.0,2,-807.0
-806.0,0.0,3,-806.0
-805.0,0.0,4,-805.0
-804.0,0.0,5,-804.0
-803.0,1.0,6,-803.0
-802.0,5.0,7,-802.0
-801.0,1.0,8,-801.0
-800.0,0.0,9,-800.0
-799.0,0.0,10,-799.0
-798.0,0.0,11,-798.0
-797.0,0.0,12,-797.0
-796.0,0.0,13,-796.0
-795.0,1.0,14,-795.0
-794.0,0.0,15,-794.0
-793.0,0.0,16,-793.0
-792.0,0.0,17,-792.0
-791.0,0.0,18,-791.0
-790.0,0.0,19,-790.0
-789.0,0.0,20,-789.0
-788.0,0.0,21,-788.0
-787.0,0.0,22,-787.0
-786.0,2.0,23,-786.0
-785.0,1.0,24,-785.0
-784.0,0.0,25,-784.0
-783.0,0.0,26,-783.0
-782.0,0.0,27,-782.0
-781.0,0.0,28,-781.0
-780.0,0.0,29,-780.0
-779.0,0.0,30,-779.0
-778.0,4.0,31,-778.0
-777.0,0.0,32,-777.0
-776.0,3.0,33,-776.0
-775.0,2.0,34,-775.0
-774.0,0.0,35,-774.0
-773.0,3.0,36,-773.0
-772.0,0.0,37,-772.0
-771.0,1.0,38,-771.0
-770.0,0.0,39,-770.0
-769.0,0.0,40,-769.0
-768.0,0.0,41,-768.0
-767.0,0.0,42,-767.0
-766.0,0.0,43,-766.0
-765.0,0.0,44,-765.0
-764.0,0.0,45,-764.0
-763.0,0.0,46,-763.0
-762.0,0.0,47,-762.0
-761.0,0.0,48,-761.0
-760.0,0.0,49,-760.0
-759.0,0.0,50,-759.0
-758.0,0.0,51,-758.0
-757.0,0.0,52,-757.0
-756.0,0.0,53,-756.0
-755.0,0.0,54,-755.0
-754.0,0.0,55,-754.0
-753.0,0.0,56,-753.0
-752.0,0.0,57,-752.0
-751.0,0.0,58,-751.0
-750.0,0.0,59,-750.0
-749.0,0.0,60,-749.0
-748.0,0.0,61,-748.0
-747.0,0.0,62,-747.0
-746.0,0.0,63,-746.0
-745.0,0.0,64,-745.0
-744.0,0.0,65,-744.0
-743.0,0.0,66,-743.0
-742.0,0.0,67,-742.0
-741.0,0.0,68,-741.0
-740.0,0.0,69,-740.0
-739.0,0.0,70,-739.0
-738.0,0.0,70,-738.0
-737.0,1.0,69,-737.0
-736.0,0.0,68,-736.0
-735.0,0.0,67,-735.0
-734.0,1.0,66,-734.0
-733.0,0.0,65,-733.0
-732.0,0.0,64,-732.0
-731.0,0.0,63,-731.0
-730.0,3.0,62,-730.0
-729.0,0.0,61,-729.0
-728.0,0.0,60,-728.0
-727.0,0.0,59,-727.0
-726.0,2.0,58,-726.0
-725.0,0.0,57,-725.0
-724.0,0.0,56,-724.0
-723.0,0.0,55,-723.0
-722.0,0.0,54,-722.0
-721.0,0.0,53,-721.0
-720.0,0.0,52,-720.0
-719.0,0.0,51,-719.0
-718.0,0.0,50,-718.0
-717.0,0.0,49,-717.0
-716.0,0.0,48,-716.0
-715.0,0.0,47,-715.0
-714.0,0.0,46,-714.0
-713.0,0.0,45,-713.0
-712.0,0.0,44,-712.0
-711.0,0.0,43,-711.0
-710.0,0.0,42,-710.0
-709.0,0.0,41,-709.0
-708.0,0.0,40,-708.0
-707.0,0.0,39,-707.0
-706.0,0.0,38,-706.0
-705.0,0.0,37,-705.0
-704.0,0.0,36,-704.0
-703.0,1.0,35,-703.0
-702.0,0.0,34,-702.0
-701.0,0.0,33,-701.0
-700.0,2.0,32,-700.0
-699.0,0.0,31,-699.0
-698.0,0.0,30,-698.0
-697.0,0.0,29,-697.0
-696.0,0.0,28,-696.0
-695.0,2.0,27,-695.0
-694.0,0.0,26,-694.0
-693.0,0.0,25,-693.0
-692.0,0.0,24,-692.0
-691.0,0.0,23,-691.0
-690.0,2.0,22,-690.0
-689.0,2.0,21,-689.0
-688.0,0.0,20,-688.0
-687.0,0.0,19,-687.0
-686.0,0.0,18,-686.0
-685.0,0.0,17,-685.0
-684.0,0.0,16,-684.0
-683.0,0.0,15,-683.0
-682.0,16.0,14,-682.0
-681.0,0.0,13,-681.0
-680.0,0.0,12,-680.0
-679.0,1.0,11,-679.0
-678.0,0.0,10,-678.0
-677.0,0.0,9,-677.0
-676.0,1.5,8,-676.0
-675.0,0.0,7,-675.0
-674.0,0.0,6,-674.0
-673.0,0.0,5,-673.0
-672.0,1.0,4,-672.0
-671.0,0.0,3,-671.0
-670.0,0.0,2,-670.0
-669.0,0.0,1,-669.0
-668.0,0.0,0,-668.0
-667.0,1.0,1,-667.0
-666.0,0.0,2,-666.0
-665.0,0.0,3,-665.0
-664.0,2.0,4,-664.0
-663.0,0.0,5,-663.0
-662.0,0.0,6,-662.0
-661.0,1.0,7,-661.0
-660.0,0.0,8,-660.0
-659.0,0.0,9,-659.0
-658.0,0.0,10,-658.0
-657.0,0.0,11,-657.0
-656.0,0.0,12,-656.0
-655.0,0.0,13,-655.0
-654.0,0.0,14,-654.0
-653.0,0.0,15,-653.0
-652.0,0.0,16,-652.0
-651.0,0.0,17,-651.0
-650.0,0.0,18,-650.0
-649.0,0.0,19,-649.0
-648.0,0.0,20,-648.0
-647.0,0.0,21,-647.0
-646.0,2.0,22,-646.0
-645.0,0.0,23,-645.0
-644.0,0.0,24,-644.0
-643.0,0.0,25,-643.0
-642.0,0.0,26,-642.0
-641.0,0.0,27,-641.0
-640.0,0.0,28,-640.0
-639.0,0.0,29,-639.0
-638.0,0.0,30,-638.0
-637.0,0.0,31,-637.0
-636.0,0.0,32,-636.0
-635.0,0.0,33,-635.0
-634.0,0.0,34,-634.0
-633.0,0.0,35,-633.0
-632.0,0.0,36,-632.0
-631.0,0.0,37,-631.0
-630.0,0.0,38,-630.0
-629.0,0.0,39,-629.0
-628.0,0.0,40,-628.0
-627.0,0.0,41,-627.0
-626.0,0.0,42,-626.0
-625.0,0.0,43,-625.0
-624.0,0.0,44,-624.0
-623.0,0.0,45,-623.0
-622.0,0.0,46,-622.0
-621.0,0.0,47,-621.0
-620.0,0.0,48,-620.0
-619.0,13.0,49,-619.0
-618.0,0.0,50,-618.0
-617.0,0.0,51,-617.0
-616.0,0.0,52,-616.0
-615.0,0.0,53,-615.0
-614.0,0.0,54,-614.0
-613.0,0.0,55,-613.0
-612.0,0.0,56,-612.0
-611.0,1.0,57,-611.0
-610.0,0.0,58,-610.0
-609.0,0.0,59,-609.0
-608.0,0.0,60,-608.0
-607.0,0.0,61,-607.0
-606.0,3.0,62,-606.0
-605.0,0.0,63,-605.0
-604.0,0.0,64,-604.0
-603.0,0.0,65,-603.0
-602.0,0.0,66,-602.0
-601.0,0.0,67,-601.0
-600.0,0.0,68,-600.0
-599.0,0.0,69,-599.0
-598.0,0.0,70,-598.0
-597.0,0.0,71,-597.0
-596.0,0.0,72,-596.0
-595.0,0.0,73,-595.0
-594.0,0.0,74,-594.0
-593.0,0.0,75,-593.0
-592.0,0.0,76,-592.0
-591.0,0.0,77,-591.0
-590.0,0.0,78,-590.0
-589.0,0.0,79,-589.0
-588.0,0.0,80,-588.0
-587.0,1.0,81,-587.0
-586.0,0.0,82,-586.0
-585.0,0.0,83,-585.0
-584.0,0.0,84,-584.0
-583.0,0.0,85,-583.0
-582.0,0.0,86,-582.0
-581.0,0.0,87,-581.0
-580.0,0.0,88,-580.0
-579.0,0.0,89,-579.0
-578.0,0.0,90,-578.0
-577.0,0.0,91,-577.0
-576.0,0.0,92,-576.0
-575.0,0.0,93,-575.0
-574.0,0.0,94,-574.0
-573.0,0.0,95,-573.0
-572.0,0.0,96,-572.0
-571.0,0.0,97,-571.0
-570.0,0.0,98,-570.0
-569.0,0.0,99,-569.0
-568.0,0.0,100,-568.0
-567.0,0.0,101,-567.0
-566.0,0.0,102,-566.0
-565.0,0.0,103,-565.0
-564.0,0.0,104,-564.0
-563.0,0.0,105,-563.0
-562.0,0.0,106,-562.0
-561.0,0.0,107,-561.0
-560.0,0.0,108,-560.0
-559.0,0.0,109,-559.0
-558.0,0.0,110,-558.0
-557.0,0.0,111,-557.0
-556.0,0.0,112,-556.0
-555.0,0.0,113,-555.0
-554.0,0.0,114,-554.0
-553.0,0.0,115,-553.0
-552.0,0.0,116,-552.0
-551.0,0.0,117,-551.0
-550.0,0.0,118,-550.0
-549.0,0.0,119,-549.0
-548.0,24.0,120,-548.0
-547.0,0.0,121,-547.0
-546.0,0.0,122,-546.0
-545.0,0.0,123,-545.0
-544.0,0.0,124,-544.0
-543.0,0.0,125,-543.0
-542.0,0.0,126,-542.0
-541.0,0.0,127,-541.0
-540.0,0.0,128,-540.0
-539.0,0.0,129,-539.0
-538.0,0.0,130,-538.0
-537.0,0.0,131,-537.0
-536.0,0.0,132,-536.0
-535.0,0.0,133,-535.0
-534.0,0.0,134,-534.0
-533.0,0.0,135,-533.0
-532.0,0.0,136,-532.0
-531.0,0.0,137,-531.0
-530.0,0.0,138,-530.0
-529.0,0.0,139,-529.0
-528.0,0.0,140,-528.0
-527.0,1.0,141,-527.0
-526.0,0.0,142,-526.0
-525.0,0.0,142,-525.0
-524.0,0.0,141,-524.0
-523.0,2.0,140,-523.0
-522.0,0.0,139,-522.0
-521.0,0.0,138,-521.0
-520.0,0.0,137,-520.0
-519.0,0.0,136,-519.0
-518.0,0.0,135,-518.0
-517.0,0.0,134,-517.0
-516.0,0.0,133,-516.0
-515.0,0.0,132,-515.0
-514.0,0.0,131,-514.0
-513.0,0.0,130,-513.0
-512.0,0.0,129,-512.0
-511.0,0.0,128,-511.0
-510.0,0.0,127,-510.0
-509.0,1.0,126,-509.0
-508.0,0.0,125,-508.0
-507.0,0.0,124,-507.0
-506.0,0.0,123,-506.0
-505.0,0.0,122,-505.0
-504.0,0.0,121,-504.0
-503.0,1.0,120,-503.0
-502.0,0.0,119,-502.0
-501.0,0.0,118,-501.0
-500.0,0.0,117,-500.0
-499.0,0.0,116,-499.0
-498.0,0.0,115,-498.0
-497.0,0.0,114,-497.0
-496.0,0.0,113,-496.0
-495.0,0.0,112,-495.0
-494.0,0.0,111,-494.0
-493.0,0.0,110,-493.0
-492.0,0.0,109,-492.0
-491.0,0.0,108,-491.0
-490.0,0.0,107,-490.0
-489.0,4.0,106,-489.0
-488.0,0.0,105,-488.0
-487.0,0.0,104,-487.0
-486.0,0.0,103,-486.0
-485.0,3.0,102,-485.0
-484.0,0.0,101,-484.0
-483.0,0.0,100,-483.0
-482.0,0.0,99,-482.0
-481.0,0.0,98,-481.0
-480.0,0.0,97,-480.0
-479.0,0.0,96,-479.0
-478.0,0.0,95,-478.0
-477.0,0.0,94,-477.0
-476.0,0.0,93,-476.0
-475.0,0.0,92,-475.0
-474.0,0.0,91,-474.0
-473.0,0.0,90,-473.0
-472.0,0.0,89,-472.0
-471.0,0.0,88,-471.0
-470.0,1.0,87,-470.0
-469.0,0.0,86,-469.0
-468.0,0.0,85,-468.0
-467.0,0.0,84,-467.0
-466.0,0.0,83,-466.0
-465.0,0.0,82,-465.0
-464.0,0.0,81,-464.0
-463.0,0.0,80,-463.0
-462.0,0.0,79,-462.0
-461.0,0.0,78,-461.0
-460.0,0.0,77,-460.0
-459.0,0.0,76,-459.0
-458.0,0.0,75,-458.0
-457.0,0.0,74,-457.0
-456.0,0.0,73,-456.0
-455.0,0.0,72,-455.0
-454.0,11.0,71,-454.0
-453.0,0.0,70,-453.0
-452.0,0.0,69,-452.0
-451.0,0.0,68,-451.0
-450.0,0.0,67,-450.0
-449.0,0.0,66,-449.0
-448.0,0.0,65,-448.0
-447.0,0.0,64,-447.0
-446.0,0.0,63,-446.0
-445.0,0.0,62,-445.0
-444.0,0.0,61,-444.0
-443.0,0.0,60,-443.0
-442.0,0.0,59,-442.0
-441.0,0.0,58,-441.0
-440.0,0.0,57,-440.0
-439.0,0.0,56,-439.0
-438.0,0.0,55,-438.0
-437.0,0.0,54,-437.0
-436.0,0.0,53,-436.0
-435.0,0.0,52,-435.0
-434.0,0.0,51,-434.0
-433.0,0.0,50,-433.0
-432.0,0.0,49,-432.0
-431.0,0.0,48,-431.0
-430.0,0.0,47,-430.0
-429.0,0.0,46,-429.0
-428.0,0.0,45,-428.0
-427.0,3.0,44,-427.0
-426.0,0.0,43,-426.0
-425.0,0.0,42,-425.0
-424.0,0.0,41,-424.0
-423.0,0.0,40,-423.0
-422.0,0.0,39,-422.0
-421.0,0.0,38,-421.0
-420.0,0.0,37,-420.0
-419.0,0.0,36,-419.0
-418.0,0.0,35,-418.0
-417.0,0.0,34,-417.0
-416.0,0.0,33,-416.0
-415.0,0.0,32,-415.0
-414.0,0.0,31,-414.0
-413.0,0.0,30,-413.0
-412.0,0.0,29,-412.0
-411.0,0.0,28,-411.0
-410.0,0.0,27,-410.0
-409.0,0.0,26,-409.0
-408.0,0.0,25,-408.0
-407.0,0.0,24,-407.0
-406.0,0.0,23,-406.0
-405.0,0.0,22,-405.0
-404.0,0.0,21,-404.0
-403.0,0.0,20,-403.0
-402.0,0.0,19,-402.0
-401.0,0.0,18,-401.0
-400.0,0.0,17,-400.0
-399.0,0.0,16,-399.0
-398.0,0.0,15,-398.0
-397.0,0.0,14,-397.0
-396.0,0.0,13,-396.0
-395.0,0.0,12,-395.0
-394.0,0.0,11,-394.0
-393.0,0.0,10,-393.0
-392.0,0.0,9,-392.0
-391.0,0.0,8,-391.0
-390.0,0.0,7,-390.0
-389.0,0.0,6,-389.0
-388.0,0.0,5,-388.0
-387.0,0.0,4,-387.0
-386.0,0.0,3,-386.0
-385.0,0.0,2,-385.0
-384.0,0.0,1,-384.0
-383.0,0.0,0,-383.0
-382.0,0.0,1,-382.0
-381.0,0.0,2,-381.0
-380.0,0.0,3,-380.0
-379.0,0.0,4,-379.0
-378.0,0.0,5,-378.0
-377.0,0.0,6,-377.0
-376.0,0.0,7,-376.0
-375.0,0.0,8,-375.0
-374.0,0.0,9,-374.0
-373.0,0.0,10,-373.0
-372.0,0.0,11,-372.0
-371.0,0.0,12,-371.0
-370.0,0.0,13,-370.0
-369.0,0.0,14,-369.0
-368.0,0.0,15,-368.0
-367.0,0.0,16,-367.0
-366.0,0.0,17,-366.0
-365.0,0.0,18,-365.0
-364.0,0.0,19,-364.0
-363.0,0.0,20,-363.0
-362.0,0.0,21,-362.0
-361.0,0.0,22,-361.0
-360.0,0.0,23,-360.0
-359.0,0.0,24,-359.0
-358.0,0.0,25,-358.0
-357.0,0.0,26,-357.0
-356.0,0.0,27,-356.0
-355.0,0.0,28,-355.0
-354.0,0.0,29,-354.0
-353.0,0.0,30,-353.0
-352.0,0.0,31,-352.0
-351.0,0.0,32,-351.0
-350.0,0.0,33,-350.0
-349.0,0.0,34,-349.0
-348.0,0.0,35,-348.0
-347.0,0.0,36,-347.0
-346.0,0.0,37,-346.0
-345.0,0.0,38,-345.0
-344.0,0.0,39,-344.0
-343.0,0.0,40,-343.0
-342.0,0.0,41,-342.0
-341.0,0.0,42,-341.0
-340.0,0.0,43,-340.0
-339.0,0.0,44,-339.0
-338.0,0.0,45,-338.0
-337.0,0.0,46,-337.0
-336.0,0.0,47,-336.0
-335.0,0.0,48,-335.0
-334.0,0.0,49,-334.0
-333.0,0.0,50,-333.0
-332.0,0.0,51,-332.0
-331.0,0.0,52,-331.0
-330.0,0.0,53,-330.0
-329.0,0.0,54,-329.0
-328.0,0.0,55,-328.0
-327.0,0.0,56,-327.0
-326.0,0.0,57,-326.0
-325.0,0.0,58,-325.0
-324.0,0.0,59,-324.0
-323.0,0.0,60,-323.0
-322.0,0.0,61,-322.0
-321.0,0.0,62,-321.0
-320.0,0.0,63,-320.0
-319.0,0.0,64,-319.0
-318.0,0.0,65,-318.0
-317.0,0.0,66,-317.0
-316.0,0.0,67,-316.0
-315.0,0.0,68,-315.0
-314.0,0.0,69,-314.0
-313.0,0.0,70,-313.0
-312.0,0.0,71,-312.0
-311.0,0.0,72,-311.0
-310.0,0.0,73,-310.0
-309.0,0.0,74,-309.0
-308.0,0.0,75,-308.0
-307.0,0.0,76,-307.0
-306.0,0.0,77,-306.0
-305.0,0.0,78,-305.0
-304.0,0.0,79,-304.0
-303.0,0.0,80,-303.0
-302.0,0.0,81,-302.0
-301.0,0.0,82,-301.0
-300.0,7.0,83,-300.0
-299.0,0.0,84,-299.0
-298.0,0.0,85,-298.0
-297.0,9.5,86,-297.0
-296.0,0.0,87,-296.0
-295.0,0.0,88,-295.0
-294.0,3.6666666666666665,89,-294.0
-293.0,0.0,90,-293.0
-292.0,2.0,91,-292.0
-291.0,0.0,92,-291.0
-290.0,0.0,93,-290.0
-289.0,6.0,94,-289.0
-288.0,0.0,95,-288.0
-287.0,2.0,96,-287.0
-286.0,0.0,97,-286.0
-285.0,0.0,98,-285.0
-284.0,2.0,99,-284.0
-283.0,0.0,100,-283.0
-282.0,0.0,101,-282.0
-281.0,4.0,102,-281.0
-280.0,5.0,103,-280.0
-279.0,0.0,104,-279.0
-278.0,8.0,105,-278.0
-277.0,0.0,106,-277.0
-276.0,3.2,107,-276.0
-275.0,0.0,108,-275.0
-274.0,0.0,107,-274.0
-273.0,1.0,106,-273.0
-272.0,0.0,105,-272.0
-271.0,0.0,104,-271.0
-270.0,1.5,103,-270.0
-269.0,0.0,102,-269.0
-268.0,0.0,101,-268.0
-267.0,1.0,100,-267.0
-266.0,2.0,99,-266.0
-265.0,0.0,98,-265.0
-264.0,4.0,97,-264.0
-263.0,0.0,96,-263.0
-262.0,0.0,95,-262.0
-261.0,1.0,94,-261.0
-260.0,0.0,93,-260.0
-259.0,0.0,92,-259.0
-258.0,2.0,91,-258.0
-257.0,0.0,90,-257.0
-256.0,0.0,89,-256.0
-255.0,2.5,88,-255.0
-254.0,0.0,87,-254.0
-253.0,4.5,86,-253.0
-252.0,4.0,85,-252.0
-251.0,6.0,84,-251.0
-250.0,0.0,83,-250.0
-249.0,5.0,82,-249.0
-248.0,3.0,81,-248.0
-247.0,2.3333333333333335,80,-247.0
-246.0,0.0,79,-246.0
-245.0,0.0,78,-245.0
-244.0,2.0,77,-244.0
-243.0,0.0,76,-243.0
-242.0,0.0,75,-242.0
-241.0,9.0,74,-241.0
-240.0,0.0,73,-240.0
-239.0,19.0,72,-239.0
-238.0,9.0,71,-238.0
-237.0,0.0,70,-237.0
-236.0,0.0,69,-236.0
-235.0,0.0,68,-235.0
-234.0,0.0,67,-234.0
-233.0,0.0,66,-233.0
-232.0,0.0,65,-232.0
-231.0,0.0,64,-231.0
-230.0,1.0,63,-230.0
-229.0,0.0,62,-229.0
-228.0,0.0,61,-228.0
-227.0,0.0,60,-227.0
-226.0,0.0,59,-226.0
-225.0,0.0,58,-225.0
-224.0,0.0,57,-224.0
-223.0,0.0,56,-223.0
-222.0,52.0,55,-222.0
-221.0,0.0,54,-221.0
-220.0,0.0,53,-220.0
-219.0,0.0,52,-219.0
-218.0,0.0,51,-218.0
-217.0,0.0,50,-217.0
-216.0,7.0,49,-216.0
-215.0,1.0,48,-215.0
-214.0,0.0,47,-214.0
-213.0,0.0,46,-213.0
-212.0,11.0,45,-212.0
-211.0,0.0,44,-211.0
-210.0,1.0,43,-210.0
-209.0,0.0,42,-209.0
-208.0,0.0,41,-208.0
-207.0,0.0,40,-207.0
-206.0,0.0,39,-206.0
-205.0,0.0,38,-205.0
-204.0,0.0,37,-204.0
-203.0,46.0,36,-203.0
-202.0,0.0,35,-202.0
-201.0,0.0,34,-201.0
-200.0,0.0,33,-200.0
-199.0,0.0,32,-199.0
-198.0,3.0,31,-198.0
-197.0,3.0,30,-197.0
-196.0,0.0,29,-196.0
-195.0,0.0,28,-195.0
-194.0,1.0,27,-194.0
-193.0,0.0,26,-193.0
-192.0,0.0,25,-192.0
-191.0,0.0,24,-191.0
-190.0,0.0,23,-190.0
-189.0,0.0,22,-189.0
-188.0,0.0,21,-188.0
-187.0,0.0,20,-187.0
-186.0,0.0,19,-186.0
-185.0,0.0,18,-185.0
-184.0,0.0,17,-184.0
-183.0,0.0,16,-183.0
-182.0,0.0,15,-182.0
-181.0,0.0,14,-181.0
-180.0,0.0,13,-180.0
-179.0,0.0,12,-179.0
-178.0,0.0,11,-178.0
-177.0,0.0,10,-177.0
-176.0,0.0,9,-176.0
-175.0,0.0,8,-175.0
-174.0,0.0,7,-174.0
-173.0,0.0,6,-173.0
-172.0,0.0,5,-172.0
-171.0,0.0,4,-171.0
-170.0,0.0,3,-170.0
-169.0,0.0,2,-169.0
-168.0,0.0,1,-168.0
-167.0,0.0,0,-167.0
-166.0,0.0,1,-166.0
-165.0,0.0,2,-165.0
-164.0,0.0,3,-164.0
-163.0,1.0,4,-163.0
-162.0,0.0,5,-162.0
-161.0,2.0,6,-161.0
-160.0,1.0,7,-160.0
-159.0,0.0,8,-159.0
-158.0,1.0,9,-158.0
-157.0,42.0,10,-157.0
-156.0,0.0,11,-156.0
-155.0,19.5,12,-155.0
-154.0,0.0,13,-154.0
-153.0,24.0,14,-153.0
-152.0,16.5,15,-152.0
-151.0,0.0,16,-151.0
-150.0,41.0,17,-150.0
-149.0,13.333333333333334,18,-149.0
-148.0,0.0,19,-148.0
-147.0,0.0,20,-147.0
-146.0,43.0,21,-146.0
-145.0,26.75,22,-145.0
-144.0,2.0,23,-144.0
-143.0,0.0,24,-143.0
-142.0,0.0,25,-142.0
-141.0,3.0,26,-141.0
-140.0,9.0,27,-140.0
-139.0,0.0,28,-139.0
-138.0,0.0,29,-138.0
-137.0,5.0,30,-137.0
-136.0,0.0,31,-136.0
-135.0,82.0,32,-135.0
-134.0,31.0,33,-134.0
-133.0,0.0,34,-133.0
-132.0,39.0,35,-132.0
-131.0,264.0,36,-131.0
-130.0,36.0,37,-130.0
-129.0,32.0,38,-129.0
-128.0,0.0,39,-128.0
-127.0,7.25,40,-127.0
-126.0,84.0,41,-126.0
-125.0,33.5,42,-125.0
-124.0,36.0,43,-124.0
-123.0,12.75,44,-123.0
-122.0,10.666666666666666,45,-122.0
-121.0,145.0,46,-121.0
-120.0,12.0,47,-120.0
-119.0,22.5,48,-119.0
-118.0,18.333333333333332,49,-118.0
-117.0,21.0,50,-117.0
-116.0,36.333333333333336,51,-116.0
-115.0,64.0,52,-115.0
-114.0,35.0,53,-114.0
-113.0,0.0,54,-113.0
-112.0,28.666666666666668,55,-112.0
-111.0,19.333333333333332,56,-111.0
-110.0,15.5,57,-110.0
-109.0,6.0,58,-109.0
-108.0,1.0,59,-108.0
-107.0,91.5,60,-107.0
-106.0,60.2,61,-106.0
-105.0,78.0,62,-105.0
-104.0,26.75,63,-104.0
-103.0,20.0,64,-103.0
-102.0,79.0,65,-102.0
-101.0,63.4,66,-101.0
-100.0,31.0,67,-100.0
-99.0,17.25,68,-99.0
-98.0,27.25,69,-98.0
-97.0,34.75,69,-97.0
-96.0,69.2,68,-96.0
-95.0,147.5,67,-95.0
-94.0,2.0,66,-94.0
-93.0,160.33333333333334,65,-93.0
-92.0,34.5,64,-92.0
-91.0,29.0,63,-91.0
-90.0,78.33333333333333,62,-90.0
-89.0,83.5,61,-89.0
-88.0,58.5,60,-88.0
-87.0,167.16666666666666,59,-87.0
-86.0,71.66666666666667,58,-86.0
-85.0,65.66666666666667,57,-85.0
-84.0,101.0,56,-84.0
-83.0,294.0,55,-83.0
-82.0,167.0,54,-82.0
-81.0,345.0,53,-81.0
-80.0,115.0,52,-80.0
-79.0,49.5,51,-79.0
-78.0,0.0,50,-78.0
-77.0,8.5,49,-77.0
-76.0,1.0,48,-76.0
-75.0,0.0,47,-75.0
-74.0,0.0,46,-74.0
-73.0,12.5,45,-73.0
-72.0,48.666666666666664,44,-72.0
-71.0,0.0,43,-71.0
-70.0,96.0,42,-70.0
-69.0,71.0,41,-69.0
-68.0,56.5,40,-68.0
-67.0,0.0,39,-67.0
-66.0,0.0,38,-66.0
-65.0,0.0,37,-65.0
-64.0,0.0,36,-64.0
-63.0,1.0,35,-63.0
-62.0,0.0,34,-62.0
-61.0,0.0,33,-61.0
-60.0,0.0,32,-60.0
-59.0,0.0,31,-59.0
-58.0,1.0,30,-58.0
-57.0,0.0,29,-57.0
-56.0,0.0,28,-56.0
-55.0,0.0,27,-55.0
-54.0,1.0,26,-54.0
-53.0,6.0,25,-53.0
-52.0,0.0,24,-52.0
-51.0,0.0,23,-51.0
-50.0,0.0,22,-50.0
-49.0,1.0,21,-49.0
-48.0,0.0,20,-48.0
-47.0,0.0,19,-47.0
-46.0,0.0,18,-46.0
-45.0,0.0,17,-45.0
-44.0,0.0,16,-44.0
-43.0,0.0,15,-43.0
-42.0,0.0,14,-42.0
-41.0,0.0,13,-41.0
-40.0,0.0,12,-40.0
-39.0,0.0,11,-39.0
-38.0,0.0,10,-38.0
-37.0,0.0,9,-37.0
-36.0,0.0,8,-36.0
-35.0,0.0,7,-35.0
-34.0,0.0,6,-34.0
-33.0,0.0,5,-33.0
-32.0,0.0,4,-32.0
-31.0,0.0,3,-31.0
-30.0,0.0,2,-30.0
-29.0,0.0,1,-29.0
-28.0,0.0,0,-28.0
-27.0,0.0,1,-27.0
-26.0,0.0,2,-26.0
-25.0,0.0,3,-25.0
-24.0,0.0,4,-24.0
-23.0,0.0,5,-23.0
-22.0,0.0,6,-22.0
-21.0,0.0,7,-21.0
-20.0,2.0,8,-20.0
-19.0,0.0,9,-19.0
-18.0,0.0,10,-18.0
-17.0,0.0,11,-17.0
-16.0,2.0,12,-16.0
-15.0,0.0,13,-15.0
-14.0,0.0,14,-14.0
-13.0,0.0,15,-13.0
-12.0,0.0,16,-12.0
-11.0,0.0,17,-11.0
-10.0,0.0,18,-10.0
-9.0,0.0,19,-9.0
-8.0,0.0,20,-8.0
-7.0,0.0,21,-7.0
-6.0,0.0,22,-6.0
-5.0,0.0,23,-5.0
-4.0,0.0,24,-4.0
-3.0,0.0,25,-3.0
-2.0,0.0,26,-2.0
-1.0,0.0,27,-1.0
0.0,0.0,28,0.0
1.0,0.0,29,1.0
2.0,0.0,30,2.0
3.0,0.0,31,3.0
4.0,0.0,32,4.0
5.0,0.0,33,5.0
6.0,0.0,34,6.0
7.0,0.0,35,7.0
8.0,0.0,36,8.0
9.0,0.0,37,9.0
10.0,0.0,38,10.0
11.0,0.0,39,11.0
12.0,0.0,40,12.0
13.0,0.0,41,13.0
14.0,0.0,42,14.0
15.0,0.0,43,15.0
16.0,2.0,44,16.0
17.0,0.0,45,17.0
18.0,0.0,46,18.0
19.0,0.0,47,19.0
20.0,0.0,48,20.0
21.0,0.0,49,21.0
22.0,0.0,50,22.0
23.0,0.0,51,23.0
24.0,0.0,52,24.0
25.0,0.0,53,25.0
26.0,0.0,54,26.0
27.0,0.0,55,27.0
28.0,0.0,56,28.0
29.0,0.0,57,29.0
30.0,0.0,58,30.0
31.0,0.0,59,31.0
32.0,0.0,60,32.0
33.0,0.0,61,33.0
34.0,0.0,62,34.0
35.0,0.0,63,35.0
36.0,0.0,64,36.0
37.0,0.0,65,37.0
38.0,0.0,66,38.0
39.0,1.0,67,39.0
40.0,0.0,68,40.0
41.0,0.0,69,41.0
42.0,0.0,70,42.0
43.0,0.0,71,43.0
44.0,0.0,72,44.0
45.0,0.0,73,45.0
46.0,0.0,74,46.0
47.0,0.0,75,47.0
48.0,0.0,76,48.0
49.0,0.0,77,49.0
50.0,0.0,78,50.0
51.0,0.0,79,51.0
52.0,0.0,80,52.0
53.0,0.0,81,53.0
54.0,0.0,82,54.0
55.0,0.0,83,55.0
56.0,0.0,84,56.0
57.0,0.0,85,57.0
58.0,0.0,86,58.0
59.0,0.0,87,59.0
60.0,0.0,88,60.0
61.0,0.0,89,61.0
62.0,0.0,90,62.0
63.0,0.0,91,63.0
64.0,0.0,92,64.0
65.0,17.0,93,65.0
66.0,0.0,94,66.0
67.0,0.0,95,67.0
68.0,0.0,96,68.0
69.0,0.0,97,69.0
70.0,0.0,98,70.0
71.0,0.0,99,71.0
72.0,0.0,100,72.0
73.0,3.0,101,73.0
74.0,0.0,102,74.0
75.0,0.0,103,75.0
76.0,0.0,104,76.0
77.0,1.0,105,77.0
78.0,0.0,106,78.0
79.0,0.0,107,79.0
80.0,0.0,108,80.0
81.0,0.0,109,81.0
82.0,0.0,110,82.0
83.0,0.0,111,83.0
84.0,0.0,112,84.0
85.0,0.0,113,85.0
86.0,30.0,114,86.0
87.0,20.6,115,87.0
88.0,0.0,116,88.0
89.0,0.0,117,89.0
90.0,0.0,118,90.0
91.0,0.0,119,91.0
92.0,0.0,118,92.0
93.0,57.666666666666664,117,93.0
94.0,15.5,116,94.0
95.0,27.666666666666668,115,95.0
96.0,0.0,114,96.0
97.0,24.0,113,97.0
98.0,8.0,112,98.0
99.0,39.0,111,99.0
100.0,0.0,110,100.0
101.0,3.0,109,101.0
102.0,7.0,108,102.0
103.0,9.0,107,103.0
104.0,0.0,106,104.0
105.0,44.4,105,105.0
106.0,9.0,104,106.0
107.0,0.0,103,107.0
108.0,10.0,102,108.0
109.0,0.0,101,109.0
110.0,30.0,100,110.0
111.0,0.0,99,111.0
112.0,3.5,98,112.0
113.0,3.6,97,113.0
114.0,7.0,96,114.0
115.0,0.0,95,115.0
116.0,86.66666666666667,94,116.0
117.0,39.5,93,117.0
118.0,3.0,92,118.0
119.0,0.0,91,119.0
120.0,0.0,90,120.0
121.0,0.0,89,121.0
122.0,20.0,88,122.0
123.0,18.0,87,123.0
124.0,22.25,86,124.0
125.0,6.0,85,125.0
126.0,10.0,84,126.0
127.0,10.5,83,127.0
128.0,8.0,82,128.0
129.0,0.0,81,129.0
130.0,19.333333333333332,80,130.0
131.0,19.0,79,131.0
132.0,33.333333333333336,78,132.0
133.0,1152.5,77,133.0
134.0,18.5,76,134.0
135.0,4.5,75,135.0
136.0,0.0,74,136.0
137.0,0.0,73,137.0
138.0,12.6,72,138.0
139.0,0.0,71,139.0
140.0,0.0,70,140.0
141.0,11.75,69,141.0
142.0,45.5,68,142.0
143.0,6.5,67,143.0
144.0,0.0,66,144.0
145.0,66.0,65,145.0
146.0,11.0,64,146.0
147.0,13.0,63,147.0
148.0,0.0,62,148.0
149.0,2.5,61,149.0
150.0,9.5,60,150.0
151.0,3.5,59,151.0
152.0,5.0,58,152.0
153.0,1.0,57,153.0
154.0,0.0,56,154.0
155.0,0.0,55,155.0
156.0,0.0,54,156.0
157.0,2.0,53,157.0
158.0,1.0,52,158.0
159.0,3.0,51,159.0
160.0,0.0,50,160.0
161.0,2.0,49,161.0
162.0,1.0,48,162.0
163.0,0.0,47,163.0
164.0,0.0,46,164.0
165.0,1.0,45,165.0
166.0,3.0,44,166.0
167.0,0.0,43,167.0
168.0,0.0,42,168.0
169.0,0.0,41,169.0
170.0,2.0,40,170.0
171.0,10.0,39,171.0
172.0,15.333333333333334,38,172.0
173.0,0.0,37,173.0
174.0,0.0,36,174.0
175.0,4.0,35,175.0
176.0,2.0,34,176.0
177.0,0.0,33,177.0
178.0,0.0,32,178.0
179.0,3.0,31,179.0
180.0,0.0,30,180.0
181.0,0.0,29,181.0
182.0,2.0,28,182.0
183.0,0.0,27,183.0
184.0,0.0,26,184.0
185.0,0.0,25,185.0
186.0,0.0,24,186.0
187.0,0.0,23,187.0
188.0,0.0,22,188.0
189.0,0.0,21,189.0
190.0,0.0,20,190.0
191.0,0.0,19,191.0
192.0,0.0,18,192.0
193.0,0.0,17,193.0
194.0,2.6666666666666665,16,194.0
195.0,0.0,15,195.0
196.0,0.0,14,196.0
197.0,0.0,13,197.0
198.0,0.0,12,198.0
199.0,0.0,11,199.0
200.0,0.0,10,200.0
201.0,0.0,9,201.0
202.0,0.0,8,202.0
203.0,1.0,7,203.0
204.0,0.0,6,204.0
205.0,0.0,5,205.0
206.0,1.0,4,206.0
207.0,0.0,3,207.0
208.0,0.0,2,208.0
209.0,0.0,1,209.0
210.0,0.0,0,210.0
211.0,0.0,1,211.0
212.0,1.0,2,212.0
213.0,0.0,3,213.0
214.0,0.0,4,214.0
215.0,0.0,5,215.0
216.0,2.0,6,216.0
217.0,0.0,7,217.0
218.0,0.0,8,218.0
219.0,1.0,9,219.0
220.0,0.0,10,220.0
221.0,0.0,11,221.0
222.0,0.0,12,222.0
223.0,1.0,13,223.0
224.0,1.0,14,224.0
225.0,0.0,15,225.0
226.0,0.0,16,226.0
227.0,1.0,17,227.0
228.0,0.0,18,228.0
229.0,1.0,19,229.0
230.0,0.0,20,230.0
231.0,0.0,21,231.0
232.0,0.0,22,232.0
233.0,0.0,23,233.0
234.0,3.0,24,234.0
235.0,3.0,25,235.0
236.0,0.0,26,236.0
237.0,0.0,27,237.0
238.0,0.0,28,238.0
239.0,1.0,29,239.0
240.0,0.0,30,240.0
241.0,0.0,31,241.0
242.0,0.0,32,242.0
243.0,0.0,33,243.0
244.0,5.0,34,244.0
245.0,1.0,35,245.0
246.0,3.0,36,246.0
247.0,8.0,37,247.0
248.0,0.0,38,248.0
249.0,0.0,39,249.0
250.0,0.0,40,250.0
251.0,0.0,41,251.0
252.0,0.0,42,252.0
253.0,0.0,43,253.0
254.0,1.0,44,254.0
255.0,1.0,45,255.0
256.0,0.0,46,256.0
257.0,0.0,47,257.0
258.0,0.0,48,258.0
259.0,0.0,49,259.0
260.0,0.0,50,260.0
261.0,0.0,51,261.0
262.0,0.0,52,262.0
263.0,0.0,53,263.0
264.0,12.5,54,264.0
265.0,10.0,55,265.0
266.0,8.0,56,266.0
267.0,13.0,57,267.0
268.0,0.0,58,268.0
269.0,0.0,59,269.0
270.0,7.0,60,270.0
271.0,4.0,61,271.0
272.0,1.0,62,272.0
273.0,12.0,63,273.0
274.0,13.0,64,274.0
275.0,20.0,65,275.0
276.0,1.0,66,276.0
277.0,14.0,67,277.0
278.0,12.0,68,278.0
279.0,2.0,69,279.0
280.0,48.333333333333336,70,280.0
281.0,40.5,71,281.0
282.0,4.0,72,282.0
283.0,0.0,73,283.0
284.0,64.75,74,284.0
285.0,64.0,75,285.0
286.0,1.0,76,286.0
287.0,34.5,77,287.0
288.0,2.0,78,288.0
289.0,26.833333333333332,79,289.0
290.0,31.0,80,290.0
291.0,29.0,81,291.0
292.0,11.25,82,292.0
293.0,18.6,83,293.0
294.0,2.5,84,294.0
295.0,1465.6666666666667,85,295.0
296.0,36.333333333333336,86,296.0
297.0,0.0,87,297.0
298.0,12.25,88,298.0
299.0,15.25,89,299.0
300.0,29.333333333333332,90,300.0
301.0,8.0,91,301.0
302.0,19.5,92,302.0
303.0,20.333333333333332,93,303.0
304.0,10.5,94,304.0
305.0,9.75,95,305.0
306.0,22.666666666666668,96,306.0
307.0,42.0,97,307.0
308.0,18.4,98,308.0
309.0,0.0,99,309.0
310.0,64.0,100,310.0
311.0,70.0,101,311.0
312.0,71.66666666666667,102,312.0
313.0,13.333333333333334,103,313.0
314.0,25.333333333333332,102,314.0
315.0,33.5,101,315.0
316.0,42.5,100,316.0
317.0,51.0,99,317.0
318.0,4.0,98,318.0
319.0,66.0,97,319.0
320.0,15.5,96,320.0
321.0,11.0,95,321.0
322.0,23.666666666666668,94,322.0
323.0,75.0,93,323.0
324.0,27.0,92,324.0
325.0,50.0,91,325.0
326.0,55.5,90,326.0
327.0,6.5,89,327.0
328.0,16.333333333333332,88,328.0
329.0,218.66666666666663,87,329.0
330.0,45.5,86,330.0
331.0,8.0,85,331.0
332.0,4.5,84,332.0
333.0,6.0,83,333.0
334.0,16.25,82,334.0
335.0,16.0,81,335.0
336.0,11.0,80,336.0
337.0,0.0,79,337.0
338.0,10.666666666666666,78,338.0
339.0,2.0,77,339.0
340.0,38.0,76,340.0
341.0,31.5,75,341.0
342.0,4.0,74,342.0
343.0,0.0,73,343.0
344.0,10.0,72,344.0
345.0,1.0,71,345.0
346.0,0.0,70,346.0
347.0,36.0,69,347.0
348.0,12.6,68,348.0
349.0,22.666666666666668,67,349.0
350.0,0.0,66,350.0
351.0,14.0,65,351.0
352.0,19.833333333333332,64,352.0
353.0,0.0,63,353.0
354.0,3.0,62,354.0
355.0,10.0,61,355.0
356.0,15.333333333333334,60,356.0
357.0,24.0,59,357.0
358.0,21.333333333333332,58,358.0
359.0,25.0,57,359.0
360.0,25.75,56,360.0
361.0,0.0,55,361.0
362.0,2.5,54,362.0
363.0,20.0,53,363.0
364.0,0.0,52,364.0
365.0,2.75,51,365.0
366.0,15.25,50,366.0
367.0,0.0,49,367.0
368.0,15.0,48,368.0
369.0,6.5,47,369.0
370.0,0.0,46,370.0
371.0,11.333333333333334,45,371.0
372.0,30.0,44,372.0
373.0,0.0,43,373.0
374.0,10.333333333333334,42,374.0
375.0,1.0,41,375.0
376.0,0.0,40,376.0
377.0,6.0,39,377.0
378.0,12.0,38,378.0
379.0,4.666666666666667,37,379.0
380.0,4.0,36,380.0
381.0,4.0,35,381.0
382.0,0.0,34,382.0
383.0,3.0,33,383.0
384.0,0.0,32,384.0
385.0,1.5,31,385.0
386.0,1.0,30,386.0
387.0,0.0,29,387.0
388.0,30.5,28,388.0
389.0,1.0,27,389.0
390.0,153.0,26,390.0
391.0,45.0,25,391.0
392.0,0.0,24,392.0
393.0,22.0,23,393.0
394.0,2.0,22,394.0
395.0,1.0,21,395.0
396.0,28.5,20,396.0
397.0,0.0,19,397.0
398.0,0.0,18,398.0
399.0,1.5,17,399.0
400.0,1.0,16,400.0
401.0,9.0,15,401.0
402.0,11.5,14,402.0
403.0,5.0,13,403.0
404.0,0.0,12,404.0
405.0,3.0,11,405.0
406.0,14.0,10,406.0
407.0,1.0,9,407.0
408.0,0.0,8,408.0
409.0,0.0,7,409.0
410.0,0.0,6,410.0
411.0,2.0,5,411.0
412.0,39.0,4,412.0
413.0,3.0,3,413.0
414.0,0.0,2,414.0
415.0,4.0,1,415.0
416.0,16.0,0,416.0
417.0,0.0,1,417.0
418.0,0.0,2,418.0
419.0,9.0,3,419.0
420.0,1.5,4,420.0
421.0,6.0,5,421.0
422.0,0.0,6,422.0
423.0,2.0,7,423.0
424.0,0.0,8,424.0
425.0,0.0,9,425.0
426.0,0.0,10,426.0
427.0,1.0,11,427.0
428.0,0.0,12,428.0
429.0,0.0,13,429.0
430.0,0.0,14,430.0
431.0,0.0,15,431.0
432.0,0.0,16,432.0
433.0,0.0,17,433.0
434.0,0.0,18,434.0
435.0,0.0,19,435.0
436.0,0.0,20,436.0
437.0,0.0,21,437.0
438.0,0.0,22,438.0
439.0,0.0,23,439.0
440.0,0.0,24,440.0
441.0,0.0,25,441.0
442.0,0.0,26,442.0
443.0,0.0,27,443.0
444.0,0.0,28,444.0
445.0,0.0,29,445.0
446.0,0.0,30,446.0
447.0,0.0,31,447.0
448.0,0.0,32,448.0
449.0,0.0,33,449.0
450.0,4.5,34,450.0
451.0,0.0,35,451.0
452.0,3.0,36,452.0
453.0,0.0,37,453.0
454.0,0.0,38,454.0
455.0,1.5,39,455.0
456.0,0.0,40,456.0
457.0,17.5,41,457.0
458.0,0.0,42,458.0
459.0,42.5,43,459.0
460.0,32.0,44,460.0
461.0,0.0,45,461.0
462.0,0.0,46,462.0
463.0,1.0,47,463.0
464.0,0.0,48,464.0
465.0,0.0,49,465.0
466.0,0.0,50,466.0
467.0,0.0,51,467.0
468.0,4.0,52,468.0
469.0,0.0,53,469.0
470.0,24.0,54,470.0
471.0,0.0,55,471.0
472.0,0.0,56,472.0
473.0,0.0,57,473.0
474.0,0.0,58,474.0
475.0,0.0,59,475.0
476.0,24.0,60,476.0
477.0,1.0,61,477.0
478.0,0.0,62,478.0
479.0,0.0,63,479.0
480.0,2.0,64,480.0
481.0,0.0,65,481.0
482.0,0.0,66,482.0
483.0,0.0,67,483.0
484.0,1.0,68,484.0
485.0,1.0,69,485.0
486.0,1.0,70,486.0
487.0,0.0,71,487.0
488.0,7.0,72,488.0
489.0,0.0,73,489.0
490.0,1.0,74,490.0
491.0,0.0,75,491.0
492.0,1.0,76,492.0
493.0,19.666666666666668,77,493.0
494.0,1.0,78,494.0
495.0,2.5,79,495.0
496.0,13.0,80,496.0
497.0,40.0,81,497.0
498.0,51.5,82,498.0
499.0,24.5,83,499.0
500.0,5.5,84,500.0
501.0,15.25,85,501.0
502.0,3.0,86,502.0
503.0,0.0,87,503.0
504.0,32.0,88,504.0
505.0,40.0,89,505.0
506.0,12.5,90,506.0
507.0,109.66666666666669,91,507.0
508.0,2.0,92,508.0
509.0,31.666666666666668,93,509.0
510.0,6.5,94,510.0
511.0,12.333333333333334,95,511.0
512.0,64.66666666666667,96,512.0
513.0,0.0,97,513.0
514.0,9.666666666666666,98,514.0
515.0,48.333333333333336,99,515.0
516.0,5.0,100,516.0
517.0,34.333333333333336,101,517.0
518.0,41.0,102,518.0
519.0,9.5,103,519.0
520.0,38.0,104,520.0
521.0,0.0,105,521.0
522.0,58.0,106,522.0
523.0,11.0,107,523.0
524.0,32.0,108,524.0
525.0,142.0,109,525.0
526.0,1.0,108,526.0
527.0,0.0,107,527.0
528.0,1.0,106,528.0
529.0,3.0,105,529.0
530.0,51.0,104,530.0
531.0,0.0,103,531.0
532.0,27.0,102,532.0
533.0,0.0,101,533.0
534.0,1.0,100,534.0
535.0,9.0,99,535.0
536.0,3.6666666666666665,98,536.0
537.0,0.0,97,537.0
538.0,21.0,96,538.0
539.0,29.0,95,539.0
540.0,3.0,94,540.0
541.0,3.0,93,541.0
542.0,14.0,92,542.0
543.0,0.0,91,543.0
544.0,19.8,90,544.0
545.0,33.5,89,545.0
546.0,1697.0,88,546.0
547.0,37.0,87,547.0
548.0,10.0,86,548.0
549.0,41.5,85,549.0
550.0,18.666666666666668,84,550.0
551.0,1.0,83,551.0
552.0,19.75,82,552.0
553.0,19.2,81,553.0
554.0,21.0,80,554.0
555.0,0.0,79,555.0
556.0,16.333333333333332,78,556.0
557.0,17.0,77,557.0
558.0,61.0,76,558.0
559.0,10.333333333333334,75,559.0
560.0,23.0,74,560.0
561.0,0.0,73,561.0
562.0,6.0,72,562.0
563.0,3.0,71,563.0
564.0,2.0,70,564.0
565.0,0.0,69,565.0
566.0,22.8,68,566.0
567.0,0.0,67,567.0
568.0,2.5,66,568.0
569.0,26.5,65,569.0
570.0,7.0,64,570.0
571.0,0.0,63,571.0
572.0,43.0,62,572.0
573.0,67.0,61,573.0
574.0,6.0,60,574.0
575.0,1.0,59,575.0
576.0,1.0,58,576.0
577.0,1.0,57,577.0
578.0,19.0,56,578.0
579.0,0.0,55,579.0
580.0,3.5,54,580.0
581.0,2.0,53,581.0
582.0,0.0,52,582.0
583.0,1.0,51,583.0
584.0,2.0,50,584.0
585.0,2.0,49,585.0
586.0,2.0,48,586.0
587.0,2.0,47,587.0
588.0,2.0,46,588.0
589.0,1.0,45,589.0
590.0,7.0,44,590.0
591.0,0.0,43,591.0
592.0,0.0,42,592.0
593.0,1.5,41,593.0
594.0,2.0,40,594.0
595.0,1.0,39,595.0
596.0,1.0,38,596.0
597.0,0.0,37,597.0
598.0,10.0,36,598.0
599.0,6.0,35,599.0
600.0,1.0,34,600.0
601.0,0.0,33,601.0
602.0,0.0,32,602.0
603.0,0.0,31,603.0
604.0,1.3333333333333333,30,604.0
605.0,0.0,29,605.0
606.0,2.0,28,606.0
607.0,1.0,27,607.0
608.0,3.5,26,608.0
609.0,1.0,25,609.0
610.0,23.0,24,610.0
611.0,1.0,23,611.0
612.0,6.0,22,612.0
613.0,3.0,21,613.0
614.0,0.0,20,614.0
615.0,0.0,19,615.0
616.0,0.0,18,616.0
617.0,2.0,17,617.0
618.0,48.5,16,618.0
619.0,10.0,15,619.0
620.0,0.0,14,620.0
621.0,20.0,13,621.0
622.0,11.0,12,622.0
623.0,2.5,11,623.0
624.0,1.0,10,624.0
625.0,1.0,9,625.0
626.0,14.0,8,626.0
627.0,1.5,7,627.0
628.0,2.0,6,628.0
629.0,1.0,5,629.0
630.0,0.0,4,630.0
631.0,73.33333333333333,3,631.0
632.0,0.0,2,632.0
633.0,13.0,1,633.0
634.0,2.0,0,634.0
635.0,2.0,1,635.0
636.0,2.0,2,636.0
637.0,13.0,3,637.0
638.0,0.0,4,638.0
639.0,3.5,5,639.0
640.0,1.0,6,640.0
641.0,25.0,7,641.0
642.0,12.0,8,642.0
643.0,0.0,9,643.0
644.0,26.0,10,644.0
645.0,1.0,11,645.0
646.0,0.0,12,646.0
647.0,0.0,13,647.0
648.0,0.0,14,648.0
649.0,1.0,15,649.0
650.0,12.0,16,650.0
651.0,34.0,17,651.0
652.0,50.0,18,652.0
653.0,5.0,19,653.0
654.0,2.0,20,654.0
655.0,7.5,21,655.0
656.0,1.0,22,656.0
657.0,1.0,23,657.0
658.0,15.0,24,658.0
659.0,8.0,25,659.0
660.0,1.0,26,660.0
661.0,0.0,27,661.0
662.0,0.0,28,662.0
663.0,2.3333333333333335,29,663.0
664.0,10.333333333333334,30,664.0
665.0,37.5,31,665.0
666.0,0.0,32,666.0
667.0,7.5,33,667.0
668.0,43.0,34,668.0
669.0,0.0,35,669.0
670.0,82.0,36,670.0
671.0,9.5,37,671.0
672.0,0.0,38,672.0
673.0,0.0,39,673.0
674.0,12.5,40,674.0
675.0,0.0,41,675.0
676.0,0.0,42,676.0
677.0,65.5,43,677.0
678.0,1.0,44,678.0
679.0,0.0,45,679.0
680.0,1.0,46,680.0
681.0,64.5,47,681.0
682.0,0.0,48,682.0
683.0,0.0,49,683.0
684.0,9.5,50,684.0
685.0,137.33333333333334,51,685.0
686.0,17.0,52,686.0
687.0,98.0,53,687.0
688.0,3.0,54,688.0
689.0,102.5,55,689.0
690.0,1.0,56,690.0
691.0,3.0,57,691.0
692.0,1.0,58,692.0
693.0,0.0,59,693.0
694.0,29.333333333333332,60,694.0
695.0,0.0,61,695.0
696.0,22.4,62,696.0
697.0,37.333333333333336,63,697.0
698.0,4.0,64,698.0
699.0,7.0,65,699.0
700.0,13.0,66,700.0
701.0,0.0,67,701.0
702.0,0.0,68,702.0
703.0,118.0,69,703.0
704.0,57.0,70,704.0
705.0,11.666666666666666,71,705.0
706.0,0.0,72,706.0
707.0,1.0,73,707.0
708.0,19.0,74,708.0
709.0,40.0,75,709.0
710.0,13.0,76,710.0
711.0,0.0,77,711.0
712.0,5.0,78,712.0
713.0,1.0,79,713.0
714.0,0.0,80,714.0
715.0,30.0,81,715.0
716.0,0.0,82,716.0
717.0,2.0,83,717.0
718.0,15.0,84,718.0
719.0,0.0,85,719.0
720.0,1.0,86,720.0
721.0,2.5,87,721.0
722.0,0.0,88,722.0
723.0,33.0,89,723.0
724.0,35.0,90,724.0
725.0,20.0,91,725.0
726.0,1.0,92,726.0
727.0,20.0,93,727.0
728.0,26.5,94,728.0
729.0,21.5,95,729.0
730.0,0.0,96,730.0
731.0,19.0,97,731.0
732.0,0.0,98,732.0
733.0,0.0,99,733.0
734.0,3.6666666666666665,100,734.0
735.0,17.0,101,735.0
736.0,1.0,102,736.0
737.0,4.0,103,737.0
738.0,25.5,104,738.0
739.0,1.0,105,739.0
740.0,0.0,106,740.0
741.0,1.0,107,741.0
742.0,49.0,108,742.0
743.0,1.0,109,743.0
744.0,0.0,110,744.0
745.0,10.0,111,745.0
746.0,11.0,112,746.0
747.0,0.0,113,747.0
748.0,4.0,114,748.0
749.0,0.0,115,749.0
750.0,0.0,116,750.0
751.0,4.0,117,751.0
752.0,2.5,118,752.0
753.0,0.0,119,753.0
754.0,0.0,120,754.0
755.0,0.0,121,755.0
756.0,0.0,122,756.0
757.0,0.0,123,757.0
758.0,1.0,124,758.0
759.0,0.0,125,759.0
760.0,0.0,126,760.0
761.0,0.0,127,761.0
762.0,0.0,128,762.0
763.0,1.0,129,763.0
764.0,0.0,130,764.0
765.0,0.0,131,765.0
766.0,3.0,132,766.0
767.0,0.0,133,767.0
768.0,0.0,134,768.0
769.0,0.0,135,769.0
770.0,0.0,136,770.0
771.0,0.0,137,771.0
772.0,0.0,138,772.0
773.0,0.0,139,773.0
774.0,3.0,140,774.0
775.0,0.0,140,775.0
776.0,0.0,139,776.0
777.0,0.0,138,777.0
778.0,0.0,137,778.0
779.0,3.0,136,779.0
780.0,0.0,135,780.0
781.0,0.0,134,781.0
782.0,0.0,133,782.0
783.0,0.0,132,783.0
784.0,1.5,131,784.0
785.0,0.0,130,785.0
786.0,2.0,129,786.0
787.0,1.0,128,787.0
788.0,0.0,127,788.0
789.0,2.0,126,789.0
790.0,3.0,125,790.0
791.0,0.0,124,791.0
792.0,2.0,123,792.0
793.0,0.0,122,793.0
794.0,0.0,121,794.0
795.0,0.0,120,795.0
796.0,0.0,119,796.0
797.0,26.5,118,797.0
798.0,4.5,117,798.0
799.0,0.0,116,799.0
800.0,3.5,115,800.0
801.0,7.5,114,801.0
802.0,2.0,113,802.0
803.0,1.0,112,803.0
804.0,0.0,111,804.0
805.0,2.0,110,805.0
806.0,1.0,109,806.0
807.0,0.0,108,807.0
808.0,30.5,107,808.0
809.0,1.0,106,809.0
810.0,4.0,105,810.0
811.0,5.0,104,811.0
812.0,0.0,103,812.0
813.0,6.5,102,813.0
814.0,13.0,101,814.0
815.0,0.0,100,815.0
816.0,0.0,99,816.0
817.0,0.0,98,817.0
818.0,0.0,97,818.0
819.0,8.0,96,819.0
820.0,42.0,95,820.0
821.0,6.0,94,821.0
822.0,0.0,93,822.0
823.0,3.0,92,823.0
824.0,8.0,91,824.0
825.0,2.0,90,825.0
826.0,0.0,89,826.0
827.0,0.0,88,827.0
828.0,2.0,87,828.0
829.0,4.0,86,829.0
830.0,0.0,85,830.0
831.0,1.0,84,831.0
832.0,0.0,83,832.0
833.0,4.0,82,833.0
834.0,1.0,81,834.0
835.0,4.5,80,835.0
836.0,3.0,79,836.0
837.0,5.5,78,837.0
838.0,1.0,77,838.0
839.0,0.0,76,839.0
840.0,0.0,75,840.0
841.0,4.5,74,841.0
842.0,0.0,73,842.0
843.0,0.0,72,843.0
844.0,6.0,71,844.0
845.0,0.0,70,845.0
846.0,0.0,69,846.0
847.0,15.0,68,847.0
848.0,10.5,67,848.0
849.0,5.0,66,849.0
850.0,2.3333333333333335,65,850.0
851.0,0.0,64,851.0
852.0,0.0,63,852.0
853.0,22.0,62,853.0
854.0,34.0,61,854.0
855.0,3.0,60,855.0
856.0,0.0,59,856.0
857.0,2.0,58,857.0
858.0,0.0,57,858.0
859.0,0.0,56,859.0
860.0,10.75,55,860.0
861.0,0.0,54,861.0
862.0,0.0,53,862.0
863.0,3.0,52,863.0
864.0,0.0,51,864.0
865.0,19.0,50,865.0
866.0,9.666666666666666,49,866.0
867.0,4.0,48,867.0
868.0,6.0,47,868.0
869.0,0.0,46,869.0
870.0,22.0,45,870.0
871.0,106.5,44,871.0
872.0,15.4,43,872.0
873.0,0.0,42,873.0
874.0,43.0,41,874.0
875.0,18.0,40,875.0
876.0,0.0,39,876.0
877.0,22.0,38,877.0
878.0,1.0,37,878.0
879.0,15.0,36,879.0
880.0,6.0,35,880.0
881.0,0.0,34,881.0
882.0,0.0,33,882.0
883.0,6.0,32,883.0
884.0,8.0,31,884.0
885.0,0.0,30,885.0
886.0,14.5,29,886.0
887.0,0.0,28,887.0
888.0,0.0,27,888.0
889.0,1.0,26,889.0
890.0,10.0,25,890.0
891.0,0.0,24,891.0
892.0,2.0,23,892.0
893.0,10.0,22,893.0
894.0,6.0,21,894.0
895.0,0.0,20,895.0
896.0,5.5,19,896.0
897.0,0.0,18,897.0
898.0,8.0,17,898.0
899.0,2.0,16,899.0
900.0,0.0,15,900.0
901.0,19.0,14,901.0
902.0,0.0,13,902.0
903.0,5.0,12,903.0
904.0,0.0,11,904.0
905.0,1.0,10,905.0
906.0,12.0,9,906.0
907.0,0.0,8,907.0
908.0,0.0,7,908.0
909.0,5.0,6,909.0
910.0,0.0,5,910.0
911.0,10.0,4,911.0
912.0,0.0,3,912.0
913.0,0.0,2,913.0
914.0,1.5,1,914.0
915.0,0.0,0,915.0
916.0,8.0,1,916.0
917.0,0.0,2,917.0
918.0,0.0,3,918.0
919.0,0.0,4,919.0
920.0,10.0,5,920.0
921.0,4.0,6,921.0
922.0,0.0,7,922.0
923.0,0.0,8,923.0
924.0,0.0,9,924.0
925.0,0.0,10,925.0
926.0,0.0,11,926.0
927.0,19.0,12,927.0
928.0,0.0,13,928.0
929.0,0.0,14,929.0
930.0,0.0,15,930.0
931.0,1.5,16,931.0
932.0,5.0,17,932.0
933.0,0.0,18,933.0
934.0,2.0,19,934.0
935.0,0.0,20,935.0
936.0,1.0,21,936.0
937.0,0.0,22,937.0
938.0,0.0,23,938.0
939.0,3.0,24,939.0
940.0,0.0,25,940.0
941.0,1.0,26,941.0
942.0,0.0,27,942.0
943.0,0.0,28,943.0
944.0,0.0,29,944.0
945.0,0.0,30,945.0
946.0,0.0,31,946.0
947.0,2.0,32,947.0
948.0,21.0,33,948.0
949.0,0.0,34,949.0
950.0,0.0,35,950.0
951.0,5.0,36,951.0
952.0,35.0,37,952.0
953.0,1.5,38,953.0
954.0,1.0,39,954.0
955.0,0.0,40,955.0
956.0,0.0,41,956.0
957.0,0.0,42,957.0
958.0,0.0,43,958.0
959.0,0.0,44,959.0
960.0,6.5,45,960.0
961.0,0.0,46,961.0
962.0,0.0,47,962.0
963.0,0.0,48,963.0
964.0,1.0,49,964.0
965.0,0.0,50,965.0
966.0,0.0,51,966.0
967.0,0.0,52,967.0
968.0,0.0,53,968.0
969.0,0.0,54,969.0
970.0,21.5,55,970.0
971.0,0.0,56,971.0
972.0,3.0,57,972.0
973.0,0.0,58,973.0
974.0,0.0,59,974.0
975.0,0.0,60,975.0
976.0,0.0,61,976.0
977.0,0.0,62,977.0
978.0,0.0,63,978.0
979.0,0.0,64,979.0
980.0,0.0,63,980.0
981.0,0.0,62,981.0
982.0,0.0,61,982.0
983.0,0.0,60,983.0
984.0,0.0,59,984.0
985.0,0.0,58,985.0
986.0,1.0,57,986.0
987.0,0.0,56,987.0
988.0,0.0,55,988.0
989.0,0.0,54,989.0
990.0,0.0,53,990.0
991.0,0.0,52,991.0
992.0,0.0,51,992.0
993.0,0.0,50,993.0
994.0,0.0,49,994.0
995.0,0.0,48,995.0
996.0,0.0,47,996.0
997.0,0.0,46,997.0
998.0,0.0,45,998.0
999.0,0.0,44,999.0
1000.0,2.0,43,1000.0
